{"roc_auc": 1.0, "precision": 0.8498052676448153, "recall": 0.85, "f1_score": 0.8499026226679858}