{"roc_auc": 1.0, "precision": 0.7341737230120375, "recall": 0.907563025210084, "f1_score": 0.8117122624051851}