{
    "best_params": {
        "subsample": 0.8,
        "reg_lambda": 5,
        "reg_alpha": 0,
        "n_estimators": 50,
        "min_child_weight": 1,
        "max_depth": 4,
        "learning_rate": 0.1,
        "gamma": 1,
        "colsample_bytree": 1.0
    },
    "best_score": 0.9997777777777778,
    "train_auc": 0.9966442953020135,
    "test_auc": 0.9486607142857143,
    "classification_report": {
        "0": {
            "precision": 0.96875,
            "recall": 0.96875,
            "f1-score": 0.96875,
            "support": 32.0
        },
        "1": {
            "precision": 0.9285714285714286,
            "recall": 0.9285714285714286,
            "f1-score": 0.9285714285714286,
            "support": 14.0
        },
        "accuracy": 0.9565217391304348,
        "macro avg": {
            "precision": 0.9486607142857143,
            "recall": 0.9486607142857143,
            "f1-score": 0.9486607142857143,
            "support": 46.0
        },
        "weighted avg": {
            "precision": 0.9565217391304348,
            "recall": 0.9565217391304348,
            "f1-score": 0.9565217391304348,
            "support": 46.0
        }
    }
}