{
    "best_params": {
        "subsample": 1.0,
        "reg_lambda": 1,
        "reg_alpha": 0,
        "n_estimators": 50,
        "min_child_weight": 1,
        "max_depth": 3,
        "learning_rate": 0.1,
        "gamma": 0,
        "colsample_bytree": 0.5
    },
    "best_score": 0.9984291187739464,
    "train_auc": 1.0,
    "test_auc": 0.8928571428571428,
    "classification_report": {
        "0": {
            "precision": 0.9142857142857143,
            "recall": 1.0,
            "f1-score": 0.9552238805970149,
            "support": 32.0
        },
        "1": {
            "precision": 1.0,
            "recall": 0.7857142857142857,
            "f1-score": 0.88,
            "support": 14.0
        },
        "accuracy": 0.9347826086956522,
        "macro avg": {
            "precision": 0.9571428571428571,
            "recall": 0.8928571428571428,
            "f1-score": 0.9176119402985075,
            "support": 46.0
        },
        "weighted avg": {
            "precision": 0.9403726708074533,
            "recall": 0.9347826086956522,
            "f1-score": 0.9323296560674885,
            "support": 46.0
        }
    }
}