{"accuracy": 0.9130434782608695, "roc_auc": 0.9933035714285714, "precision": 0.6934301547961407, "recall": 0.8757763975155279, "f1_score": 0.7740087014056539}