{
    "best_params": {
        "subsample": 0.8,
        "reg_lambda": 5,
        "reg_alpha": 1,
        "n_estimators": 300,
        "min_child_weight": 1,
        "max_depth": 4,
        "learning_rate": 0.05,
        "gamma": 0,
        "colsample_bytree": 0.5
    },
    "best_score": 0.9993333333333332,
    "train_auc": 0.9966442953020135,
    "test_auc": 0.8772321428571428,
    "classification_report": {
        "0": {
            "precision": 0.9117647058823529,
            "recall": 0.96875,
            "f1-score": 0.9393939393939394,
            "support": 32.0
        },
        "1": {
            "precision": 0.9166666666666666,
            "recall": 0.7857142857142857,
            "f1-score": 0.8461538461538461,
            "support": 14.0
        },
        "accuracy": 0.9130434782608695,
        "macro avg": {
            "precision": 0.9142156862745098,
            "recall": 0.8772321428571428,
            "f1-score": 0.8927738927738929,
            "support": 46.0
        },
        "weighted avg": {
            "precision": 0.9132566069906223,
            "recall": 0.9130434782608695,
            "f1-score": 0.9110165197121719,
            "support": 46.0
        }
    }
}