{
    "best_params": {
        "xgb__subsample": 0.8,
        "xgb__reg_lambda": 5,
        "xgb__reg_alpha": 0.1,
        "xgb__n_estimators": 200,
        "xgb__min_child_weight": 1,
        "xgb__max_depth": 4,
        "xgb__learning_rate": 0.05,
        "xgb__gamma": 0.5,
        "xgb__colsample_bytree": 0.8
    },
    "best_score": 0.9987878787878788,
    "classification_report": {
        "0": {
            "precision": 0.96875,
            "recall": 0.96875,
            "f1-score": 0.96875,
            "support": 32.0
        },
        "1": {
            "precision": 0.9285714285714286,
            "recall": 0.9285714285714286,
            "f1-score": 0.9285714285714286,
            "support": 14.0
        },
        "accuracy": 0.9565217391304348,
        "macro avg": {
            "precision": 0.9486607142857143,
            "recall": 0.9486607142857143,
            "f1-score": 0.9486607142857143,
            "support": 46.0
        },
        "weighted avg": {
            "precision": 0.9565217391304348,
            "recall": 0.9565217391304348,
            "f1-score": 0.9565217391304348,
            "support": 46.0
        }
    },
    "confusion_matrix": [
        [
            31,
            1
        ],
        [
            1,
            13
        ]
    ],
    "roc_auc": 0.9866071428571429,
    "recall": 0.9285714285714286
}