{
    "best_params": {
        "rfc__n_estimators": 500,
        "rfc__min_samples_split": 2,
        "rfc__min_samples_leaf": 2,
        "rfc__max_depth": 40,
        "rfc__bootstrap": false
    },
    "best_score": 1.0,
    "classification_report": {
        "0": {
            "precision": 0.9142857142857143,
            "recall": 1.0,
            "f1-score": 0.9552238805970149,
            "support": 32.0
        },
        "1": {
            "precision": 1.0,
            "recall": 0.7857142857142857,
            "f1-score": 0.88,
            "support": 14.0
        },
        "accuracy": 0.9347826086956522,
        "macro avg": {
            "precision": 0.9571428571428571,
            "recall": 0.8928571428571428,
            "f1-score": 0.9176119402985075,
            "support": 46.0
        },
        "weighted avg": {
            "precision": 0.9403726708074533,
            "recall": 0.9347826086956522,
            "f1-score": 0.9323296560674885,
            "support": 46.0
        }
    },
    "confusion_matrix": [
        [
            32,
            0
        ],
        [
            3,
            11
        ]
    ],
    "roc_auc": 0.9977678571428572,
    "recall": 0.7857142857142857
}